run_accession	experiment_accession	experiment_alias	biosample	sample_alias	library_strategy	library_source	library_layout	instrument_model	total_bases	total_spots	sra_size_bytes	md5	url
SRR18920076	SRX14998077	Folonzo46	SAMN27766079	Folonzo46	WGS	GENOMIC	PAIRED	HiSeq X Ten	11507391947	38611299	3997616094	84d59a8be15960763ec5b20fe7da4d2f	https://sra-pub-run-odp.s3.amazonaws.com/sra/SRR18920076/SRR18920076
SRR18920077	SRX14998076	Folonzo45	SAMN27766078	Folonzo45	WGS	GENOMIC	PAIRED	HiSeq X Ten	10946660092	36967998	4541595691	b22d07b02dfe82611ac194a240338b1e	https://sra-pub-run-odp.s3.amazonaws.com/sra/SRR18920077/SRR18920077
SRR18920078	SRX14998075	Folonzo44	SAMN27766077	Folonzo44	WGS	GENOMIC	PAIRED	HiSeq X Ten	11535786855	38791317	4561903764	149b68c1d9cd41321bc540b8e723f406	https://sra-pub-run-odp.s3.amazonaws.com/sra/SRR18920078/SRR18920078
SRR18920079	SRX14998074	Folonzo43	SAMN27766076	Folonzo43	WGS	GENOMIC	PAIRED	HiSeq X Ten	14109117811	47496276	5750988224	ee0b5107b75532d675e04dbaf7a4d579	https://sra-pub-run-odp.s3.amazonaws.com/sra/SRR18920079/SRR18920079
SRR18920080	SRX14998073	Folonzo42	SAMN27766075	Folonzo42	WGS	GENOMIC	PAIRED	HiSeq X Ten	11485777044	38851920	4494297151	4e3e55606bba280d8d7b2dd73ae9e399	https://sra-pub-run-odp.s3.amazonaws.com/sra/SRR18920080/SRR18920080
SRR18920081	SRX14998072	Folonzo41	SAMN27766074	Folonzo41	WGS	GENOMIC	PAIRED	HiSeq X Ten	12227876622	41349065	5158443252	51875a6817af20ba937e5a736c927187	https://sra-pub-run-odp.s3.amazonaws.com/sra/SRR18920081/SRR18920081
SRR18920082	SRX14998071	Folonzo5	SAMN27766038	Folonzo5	WGS	GENOMIC	PAIRED	HiSeq X Ten	12750581717	43015804	4258165948	f0d2405814c58cd44171a46e40f1adaa	https://sra-pub-run-odp.s3.amazonaws.com/sra/SRR18920082/SRR18920082
SRR18920083	SRX14998070	Folonzo40	SAMN27766073	Folonzo40	WGS	GENOMIC	PAIRED	HiSeq X Ten	11610250853	39117357	4651043676	c8e1980690552aa1758edd3a426aafd0	https://sra-pub-run-odp.s3.amazonaws.com/sra/SRR18920083/SRR18920083
SRR18920084	SRX14998069	Folonzo39	SAMN27766072	Folonzo39	WGS	GENOMIC	PAIRED	HiSeq X Ten	14218131688	48063825	5670787765	4d7441bcf8af23ee54c942cbb523f65b	https://sra-pub-run-odp.s3.amazonaws.com/sra/SRR18920084/SRR18920084
SRR18920085	SRX14998068	Folonzo38	SAMN27766071	Folonzo38	WGS	GENOMIC	PAIRED	HiSeq X Ten	10431638566	36205006	4168578862	2cf24651ab49e9029f2b35a647abef7e	https://sra-pub-run-odp.s3.amazonaws.com/sra/SRR18920085/SRR18920085
SRR18920086	SRX14998067	Folonzo37	SAMN27766070	Folonzo37	WGS	GENOMIC	PAIRED	HiSeq X Ten	11385216654	38460871	4392419087	50f3d5021a27f3215f9fb0505216ebff	https://sra-pub-run-odp.s3.amazonaws.com/sra/SRR18920086/SRR18920086
SRR18920087	SRX14998066	Folonzo36	SAMN27766069	Folonzo36	WGS	GENOMIC	PAIRED	HiSeq X Ten	12773118820	43090732	5051069867	b68f0afa6c17cd45e4cdf0731edb3904	https://sra-pub-run-odp.s3.amazonaws.com/sra/SRR18920087/SRR18920087
SRR18920088	SRX14998065	Folonzo35	SAMN27766068	Folonzo35	WGS	GENOMIC	PAIRED	HiSeq X Ten	13106604778	44465582	5454713267	dd4157ce68b97440ec50253ad1a890b7	https://sra-pub-run-odp.s3.amazonaws.com/sra/SRR18920088/SRR18920088
SRR18920089	SRX14998064	Folonzo34	SAMN27766067	Folonzo34	WGS	GENOMIC	PAIRED	HiSeq X Ten	13898816075	47282400	5916108940	fa46a499efe681a6ca6ab7c507b100b8	https://sra-pub-run-odp.s3.amazonaws.com/sra/SRR18920089/SRR18920089
SRR18920090	SRX14998063	Folonzo33	SAMN27766066	Folonzo33	WGS	GENOMIC	PAIRED	HiSeq X Ten	12000463348	40766797	4966161226	ff37f01f8c9deb950b3e36bc4b8127ee	https://sra-pub-run-odp.s3.amazonaws.com/sra/SRR18920090/SRR18920090
SRR18920091	SRX14998062	Folonzo32	SAMN27766065	Folonzo32	WGS	GENOMIC	PAIRED	HiSeq X Ten	13168425971	44381773	5290138889	d880b602a82db05c28ed534974940294	https://sra-pub-run-odp.s3.amazonaws.com/sra/SRR18920091/SRR18920091
SRR18920092	SRX14998061	Folonzo31	SAMN27766064	Folonzo31	WGS	GENOMIC	PAIRED	HiSeq X Ten	13045335506	44282730	5381855190	d0df7014dd8eb588227e1bd3681e8139	https://sra-pub-run-odp.s3.amazonaws.com/sra/SRR18920092/SRR18920092
SRR18920093	SRX14998060	Folonzo4	SAMN27766037	Folonzo4	WGS	GENOMIC	PAIRED	HiSeq X Ten	12216406814	41484119	4650577128	c35cbbecf8a46e45974ad0dea4a64b99	https://sra-pub-run-odp.s3.amazonaws.com/sra/SRR18920093/SRR18920093
SRR18920094	SRX14998059	Folonzo30	SAMN27766063	Folonzo30	WGS	GENOMIC	PAIRED	HiSeq X Ten	11348335623	38574451	4510343994	37f337490d8a7a0f971e5adccd015ff2	https://sra-pub-run-odp.s3.amazonaws.com/sra/SRR18920094/SRR18920094
SRR18920095	SRX14998058	Folonzo29	SAMN27766062	Folonzo29	WGS	GENOMIC	PAIRED	HiSeq X Ten	11681405045	39499046	4848332379	a48c3234e144d3303adf393aa1a5a934	https://sra-pub-run-odp.s3.amazonaws.com/sra/SRR18920095/SRR18920095
SRR18920096	SRX14998057	Folonzo28	SAMN27766061	Folonzo28	WGS	GENOMIC	PAIRED	HiSeq X Ten	29663074880	101514735	9119507696	9b21d2960ae3f3dffdb23de9c1a32f55	https://sra-pub-run-odp.s3.amazonaws.com/sra/SRR18920096/SRR18920096
SRR18920097	SRX14998056	Folonzo27	SAMN27766060	Folonzo27	WGS	GENOMIC	PAIRED	HiSeq X Ten	21626150859	73805759	6587355968	b8debadb46b06519dfd9833578403c46	https://sra-pub-run-odp.s3.amazonaws.com/sra/SRR18920097/SRR18920097
SRR18920098	SRX14998055	Folonzo26	SAMN27766059	Folonzo26	WGS	GENOMIC	PAIRED	HiSeq X Ten	22209829291	75769303	6817434948	a4db03d13c9f5cccdedf284ac79149a4	https://sra-pub-run-odp.s3.amazonaws.com/sra/SRR18920098/SRR18920098
SRR18920099	SRX14998054	Folonzo25	SAMN27766058	Folonzo25	WGS	GENOMIC	PAIRED	HiSeq X Ten	10623743829	36145019	3835114271	eaa14e1eb3e008130361e0aaad5c3945	https://sra-pub-run-odp.s3.amazonaws.com/sra/SRR18920099/SRR18920099
SRR18920100	SRX14998053	Folonzo24	SAMN27766057	Folonzo24	WGS	GENOMIC	PAIRED	HiSeq X Ten	10553614459	35704836	3450059682	18f9d5761f4930fe05f3fd775efc3dd1	https://sra-pub-run-odp.s3.amazonaws.com/sra/SRR18920100/SRR18920100
SRR18920101	SRX14998052	Folonzo23	SAMN27766056	Folonzo23	WGS	GENOMIC	PAIRED	HiSeq X Ten	12361408127	41696458	4020861539	07df265a64d2ef7b168bff14dd2df356	https://sra-pub-run-odp.s3.amazonaws.com/sra/SRR18920101/SRR18920101
SRR18920102	SRX14998051	Folonzo22	SAMN27766055	Folonzo22	WGS	GENOMIC	PAIRED	HiSeq X Ten	10829556927	36750489	3499423655	51cbe189d11a175f576f6c94ee03da28	https://sra-pub-run-odp.s3.amazonaws.com/sra/SRR18920102/SRR18920102
SRR18920103	SRX14998050	Folonzo21	SAMN27766054	Folonzo21	WGS	GENOMIC	PAIRED	HiSeq X Ten	16240968002	55195381	5053451002	d10cf88c7b45ecf58aee90ab6eced97a	https://sra-pub-run-odp.s3.amazonaws.com/sra/SRR18920103/SRR18920103
SRR18920104	SRX14998049	Folonzo3	SAMN27766036	Folonzo3	WGS	GENOMIC	PAIRED	HiSeq X Ten	11388047333	38483471	4141878212	de25fca994fe559fa0f28f13d0b990e3	https://sra-pub-run-odp.s3.amazonaws.com/sra/SRR18920104/SRR18920104
SRR18920105	SRX14998048	Folonzo20	SAMN27766053	Folonzo20	WGS	GENOMIC	PAIRED	HiSeq X Ten	11450628130	39468446	3549954004	90ac3e2c4bbd84cd6d64963e562dcbea	https://sra-pub-run-odp.s3.amazonaws.com/sra/SRR18920105/SRR18920105
SRR18920106	SRX14998047	Kiribina102	SAMN27766220	Kiribina102	WGS	GENOMIC	PAIRED	HiSeq X Ten	18095510917	61967279	5595886305	2dbaba988491d1c0b7f35a2733115601	https://sra-pub-run-odp.s3.amazonaws.com/sra/SRR18920106/SRR18920106
SRR18920107	SRX14998046	Kiribina101	SAMN27766219	Kiribina101	WGS	GENOMIC	PAIRED	HiSeq X Ten	11814149156	39688361	5283898885	727c00b829f2b729a47285867193aece	https://sra-pub-run-odp.s3.amazonaws.com/sra/SRR18920107/SRR18920107
SRR18920108	SRX14998045	Folonzo75	SAMN27766108	Folonzo75	WGS	GENOMIC	PAIRED	HiSeq X Ten	10128205336	34664250	4376767893	09fdb8f3f02cd38de3e659f0e1fb2975	https://sra-pub-run-odp.s3.amazonaws.com/sra/SRR18920108/SRR18920108
SRR18920109	SRX14998044	Folonzo74	SAMN27766107	Folonzo74	WGS	GENOMIC	PAIRED	HiSeq X Ten	13876477268	46925597	5256831992	0d04bb13b0e3fc548c2c5c36f805fd29	https://sra-pub-run-odp.s3.amazonaws.com/sra/SRR18920109/SRR18920109
SRR18920110	SRX14998043	Folonzo73	SAMN27766106	Folonzo73	WGS	GENOMIC	PAIRED	HiSeq X Ten	10154444376	35074365	4234067627	6b898179fe7a5d8c6d1d167956b33d60	https://sra-pub-run-odp.s3.amazonaws.com/sra/SRR18920110/SRR18920110
SRR18920111	SRX14998042	Folonzo72	SAMN27766105	Folonzo72	WGS	GENOMIC	PAIRED	HiSeq X Ten	14129799279	47772501	5782950559	4bff878f98e97de2c8fca835cf45e67d	https://sra-pub-run-odp.s3.amazonaws.com/sra/SRR18920111/SRR18920111
SRR18920112	SRX14998041	Folonzo71	SAMN27766104	Folonzo71	WGS	GENOMIC	PAIRED	HiSeq X Ten	12625966510	42775595	5113541459	8b7710106700f0266ff0c1bc90ab3d15	https://sra-pub-run-odp.s3.amazonaws.com/sra/SRR18920112/SRR18920112
SRR18920113	SRX14998040	Folonzo8	SAMN27766041	Folonzo8	WGS	GENOMIC	PAIRED	HiSeq X Ten	14636826358	49241267	4766489334	7496f134a6906da0dd2a80508d333d39	https://sra-pub-run-odp.s3.amazonaws.com/sra/SRR18920113/SRR18920113
SRR18920114	SRX14998039	Folonzo70	SAMN27766103	Folonzo70	WGS	GENOMIC	PAIRED	HiSeq X Ten	10587439009	35658918	3768211291	3a28faf90a8ce79b54106a0210b205d1	https://sra-pub-run-odp.s3.amazonaws.com/sra/SRR18920114/SRR18920114
SRR18920115	SRX14998038	Folonzo69	SAMN27766102	Folonzo69	WGS	GENOMIC	PAIRED	HiSeq X Ten	10387052136	35277238	3869072203	9171a70c6383578d9d9813724ed70dcc	https://sra-pub-run-odp.s3.amazonaws.com/sra/SRR18920115/SRR18920115
SRR18920116	SRX14998037	Folonzo68	SAMN27766101	Folonzo68	WGS	GENOMIC	PAIRED	HiSeq X Ten	11343697061	38289974	4141801905	93bfd420fc1019954a9d050458ef14bf	https://sra-pub-run-odp.s3.amazonaws.com/sra/SRR18920116/SRR18920116
SRR18920117	SRX14998036	Folonzo67	SAMN27766100	Folonzo67	WGS	GENOMIC	PAIRED	HiSeq X Ten	11588382649	39304063	4590851159	e45b618a6f5f83644df12b949887d5dd	https://sra-pub-run-odp.s3.amazonaws.com/sra/SRR18920117/SRR18920117
SRR18920118	SRX14998035	Folonzo66	SAMN27766099	Folonzo66	WGS	GENOMIC	PAIRED	HiSeq X Ten	11676847943	39809514	4083003147	3983b7093756f0d36dede1ea49e16094	https://sra-pub-run-odp.s3.amazonaws.com/sra/SRR18920118/SRR18920118
SRR18920119	SRX14998034	Folonzo65	SAMN27766098	Folonzo65	WGS	GENOMIC	PAIRED	HiSeq X Ten	12405888656	42160714	4036086235	c3c30d6ed391a239a4be3983feb61580	https://sra-pub-run-odp.s3.amazonaws.com/sra/SRR18920119/SRR18920119
SRR18920120	SRX14998033	Folonzo64	SAMN27766097	Folonzo64	WGS	GENOMIC	PAIRED	HiSeq X Ten	12863233249	43646782	4857606288	ade5ba7395474414abc27b213071a224	https://sra-pub-run-odp.s3.amazonaws.com/sra/SRR18920120/SRR18920120
SRR18920121	SRX14998032	Folonzo63	SAMN27766096	Folonzo63	WGS	GENOMIC	PAIRED	HiSeq X Ten	10645967067	36246476	3893587312	15ad427784dda5d6adb1b4f6ff7b0d61	https://sra-pub-run-odp.s3.amazonaws.com/sra/SRR18920121/SRR18920121
SRR18920122	SRX14998031	Folonzo62	SAMN27766095	Folonzo62	WGS	GENOMIC	PAIRED	HiSeq X Ten	10484935717	35477034	3651733081	9d409ae12698c2ab0fd8d251a574cb68	https://sra-pub-run-odp.s3.amazonaws.com/sra/SRR18920122/SRR18920122
SRR18920123	SRX14998030	Folonzo61	SAMN27766094	Folonzo61	WGS	GENOMIC	PAIRED	HiSeq X Ten	10305320682	35106309	3601225283	32557522c0f90fc5ba248dfdbf6b89fa	https://sra-pub-run-odp.s3.amazonaws.com/sra/SRR18920123/SRR18920123
SRR18920124	SRX14998029	Folonzo7	SAMN27766040	Folonzo7	WGS	GENOMIC	PAIRED	HiSeq X Ten	13314971667	44831636	4385357670	fe50926819967d71501f278fcc4efa68	https://sra-pub-run-odp.s3.amazonaws.com/sra/SRR18920124/SRR18920124
SRR18920125	SRX14998028	Folonzo60	SAMN27766093	Folonzo60	WGS	GENOMIC	PAIRED	HiSeq X Ten	11647595470	39389534	4133209917	16983ee262f97b4703785917a5b6fd58	https://sra-pub-run-odp.s3.amazonaws.com/sra/SRR18920125/SRR18920125
SRR18920126	SRX14998027	Folonzo59	SAMN27766092	Folonzo59	WGS	GENOMIC	PAIRED	HiSeq X Ten	13816554713	46370277	5254520501	ebdda9c06e2114485f2521d34bfcb12b	https://sra-pub-run-odp.s3.amazonaws.com/sra/SRR18920126/SRR18920126
SRR18920127	SRX14998026	Folonzo58	SAMN27766091	Folonzo58	WGS	GENOMIC	PAIRED	HiSeq X Ten	10911157517	36708987	4283806959	89cadf628c447c7ec7f7d7db5ce2573f	https://sra-pub-run-odp.s3.amazonaws.com/sra/SRR18920127/SRR18920127
SRR18920128	SRX14998025	Folonzo57	SAMN27766090	Folonzo57	WGS	GENOMIC	PAIRED	HiSeq X Ten	12958867453	43791881	5054507138	b406a0c2c4930f41e613adec0bd17c97	https://sra-pub-run-odp.s3.amazonaws.com/sra/SRR18920128/SRR18920128
SRR18920129	SRX14998024	Folonzo56	SAMN27766089	Folonzo56	WGS	GENOMIC	PAIRED	HiSeq X Ten	11116954899	37441226	4463675607	594043eadc5d4c10f09311885e7267c7	https://sra-pub-run-odp.s3.amazonaws.com/sra/SRR18920129/SRR18920129
SRR18920130	SRX14998023	Folonzo55	SAMN27766088	Folonzo55	WGS	GENOMIC	PAIRED	HiSeq X Ten	10923965785	36633251	4682992996	41485d30bcaeebfa2c1cf933056f4d24	https://sra-pub-run-odp.s3.amazonaws.com/sra/SRR18920130/SRR18920130
SRR18920131	SRX14998022	Folonzo54	SAMN27766087	Folonzo54	WGS	GENOMIC	PAIRED	HiSeq X Ten	13531357676	45484997	5773638318	a0789bdd2f20d0bc296bac301c1d7594	https://sra-pub-run-odp.s3.amazonaws.com/sra/SRR18920131/SRR18920131
SRR18920132	SRX14998021	Folonzo53	SAMN27766086	Folonzo53	WGS	GENOMIC	PAIRED	HiSeq X Ten	11109310051	37486568	4510386465	df16fa49be5e11998e4b51094a5a2832	https://sra-pub-run-odp.s3.amazonaws.com/sra/SRR18920132/SRR18920132
SRR18920133	SRX14998020	Folonzo52	SAMN27766085	Folonzo52	WGS	GENOMIC	PAIRED	HiSeq X Ten	13510457395	45362050	5556118845	f638e5efacfd132c8ff6f7385e745cbd	https://sra-pub-run-odp.s3.amazonaws.com/sra/SRR18920133/SRR18920133
SRR18920134	SRX14998019	Folonzo51	SAMN27766084	Folonzo51	WGS	GENOMIC	PAIRED	HiSeq X Ten	11906612284	40029163	4910860307	cc868239d8dff5f1cf51a12ba39be19e	https://sra-pub-run-odp.s3.amazonaws.com/sra/SRR18920134/SRR18920134
SRR18920135	SRX14998018	Folonzo6	SAMN27766039	Folonzo6	WGS	GENOMIC	PAIRED	HiSeq X Ten	13379154702	45054548	4334488163	062c9794cca573aa94d59510096aff3e	https://sra-pub-run-odp.s3.amazonaws.com/sra/SRR18920135/SRR18920135
SRR18920136	SRX14998017	Folonzo50	SAMN27766083	Folonzo50	WGS	GENOMIC	PAIRED	HiSeq X Ten	12720413261	42711105	5418549332	086a929f3af80814271af40fbf3dcc15	https://sra-pub-run-odp.s3.amazonaws.com/sra/SRR18920136/SRR18920136
SRR18920137	SRX14998016	Folonzo49	SAMN27766082	Folonzo49	WGS	GENOMIC	PAIRED	HiSeq X Ten	12988910983	43624759	5345169917	493eee94f7cd310c6de2994f6960b0c5	https://sra-pub-run-odp.s3.amazonaws.com/sra/SRR18920137/SRR18920137
SRR18920138	SRX14998015	Folonzo48	SAMN27766081	Folonzo48	WGS	GENOMIC	PAIRED	HiSeq X Ten	12735042686	42617586	5202218218	0f0de6952f6ba0e787e611aab5f8ca0e	https://sra-pub-run-odp.s3.amazonaws.com/sra/SRR18920138/SRR18920138
SRR18920139	SRX14998014	Folonzo47	SAMN27766080	Folonzo47	WGS	GENOMIC	PAIRED	HiSeq X Ten	12231047146	41121275	4978174884	ff0dd058439216eaac3b96e2e6666115	https://sra-pub-run-odp.s3.amazonaws.com/sra/SRR18920139/SRR18920139
SRR18920140	SRX14998013	Kiribina100	SAMN27766218	Kiribina100	WGS	GENOMIC	PAIRED	HiSeq X Ten	9263882768	31596278	3777000320	91da245f18b3c7b571a0af7c3f923f80	https://sra-pub-run-odp.s3.amazonaws.com/sra/SRR18920140/SRR18920140
SRR18920141	SRX14998012	Kiribina99	SAMN27766217	Kiribina99	WGS	GENOMIC	PAIRED	HiSeq X Ten	14636023652	49317428	5774538580	1653dd4a9e7b17dc0f2de38ce10efb81	https://sra-pub-run-odp.s3.amazonaws.com/sra/SRR18920141/SRR18920141
SRR18920142	SRX14998011	Kiribina98	SAMN27766216	Kiribina98	WGS	GENOMIC	PAIRED	HiSeq X Ten	13109141184	44668257	5831764489	15ff5c3c823c32b5db8cd4efecfc97d7	https://sra-pub-run-odp.s3.amazonaws.com/sra/SRR18920142/SRR18920142
SRR18920143	SRX14998010	Kiribina97	SAMN27766215	Kiribina97	WGS	GENOMIC	PAIRED	HiSeq X Ten	12012211627	40579579	5450292612	cd83e6c8883ffb5fa5fdac278468d440	https://sra-pub-run-odp.s3.amazonaws.com/sra/SRR18920143/SRR18920143
SRR18920144	SRX14998009	Kiribina96	SAMN27766214	Kiribina96	WGS	GENOMIC	PAIRED	HiSeq X Ten	9566741649	32283966	4279054890	6eaa706a9af0a4b00987231dd2ef3a27	https://sra-pub-run-odp.s3.amazonaws.com/sra/SRR18920144/SRR18920144
SRR18920145	SRX14998008	Folonzo19	SAMN27766052	Folonzo19	WGS	GENOMIC	PAIRED	HiSeq X Ten	11353987791	38353752	3637364223	4e5eeadaccca7863c9112ee7723be3c3	https://sra-pub-run-odp.s3.amazonaws.com/sra/SRR18920145/SRR18920145
SRR18920146	SRX14998007	Kiribina95	SAMN27766213	Kiribina95	WGS	GENOMIC	PAIRED	HiSeq X Ten	10460672434	35466750	4920837359	dbea0b7cad7a827e2b709ff852ee3a59	https://sra-pub-run-odp.s3.amazonaws.com/sra/SRR18920146/SRR18920146
SRR18920147	SRX14998006	Kiribina94	SAMN27766212	Kiribina94	WGS	GENOMIC	PAIRED	HiSeq X Ten	22787005403	76981838	7733478280	d21de93c36aa5402ad7b3bd994110ccb	https://sra-pub-run-odp.s3.amazonaws.com/sra/SRR18920147/SRR18920147
SRR18920148	SRX14998005	Kiribina93	SAMN27766211	Kiribina93	WGS	GENOMIC	PAIRED	HiSeq X Ten	23489880306	79375766	7470984121	a1e75d2210b168a7a5064b00f47cefa8	https://sra-pub-run-odp.s3.amazonaws.com/sra/SRR18920148/SRR18920148
SRR18920149	SRX14998004	Kiribina92	SAMN27766210	Kiribina92	WGS	GENOMIC	PAIRED	HiSeq X Ten	9995036670	33758308	3943824606	1c7b63ee08430e276d3d3d8e2a675733	https://sra-pub-run-odp.s3.amazonaws.com/sra/SRR18920149/SRR18920149
SRR18920150	SRX14998003	Kiribina91	SAMN27766209	Kiribina91	WGS	GENOMIC	PAIRED	HiSeq X Ten	9902006859	33501078	3719312510	7d01ee85df0adc4ebb6c4d61b0f451f2	https://sra-pub-run-odp.s3.amazonaws.com/sra/SRR18920150/SRR18920150
SRR18920151	SRX14998002	Kiribina90	SAMN27766208	Kiribina90	WGS	GENOMIC	PAIRED	HiSeq X Ten	16252698091	54669290	6442997245	99c78ddc1ec0a75172c235baaef8f577	https://sra-pub-run-odp.s3.amazonaws.com/sra/SRR18920151/SRR18920151
SRR18920152	SRX14998001	Kiribina89	SAMN27766207	Kiribina89	WGS	GENOMIC	PAIRED	HiSeq X Ten	10668382345	35811800	4475953170	b5d7e12923252d67185962e046581cef	https://sra-pub-run-odp.s3.amazonaws.com/sra/SRR18920152/SRR18920152
SRR18920153	SRX14998000	Kiribina88	SAMN27766206	Kiribina88	WGS	GENOMIC	PAIRED	HiSeq X Ten	9999475543	33923822	4148019061	653cacc0c3c814cf24ab2ef1c1d8e472	https://sra-pub-run-odp.s3.amazonaws.com/sra/SRR18920153/SRR18920153
SRR18920154	SRX14997999	Kiribina87	SAMN27766205	Kiribina87	WGS	GENOMIC	PAIRED	HiSeq X Ten	10714464468	36148657	4550285186	3c1a1b81173acc481a464e688aa31d2e	https://sra-pub-run-odp.s3.amazonaws.com/sra/SRR18920154/SRR18920154
SRR18920155	SRX14997998	Kiribina86	SAMN27766204	Kiribina86	WGS	GENOMIC	PAIRED	HiSeq X Ten	10977901176	36989979	4403479488	d093992430cb014cabd97da7d06546c4	https://sra-pub-run-odp.s3.amazonaws.com/sra/SRR18920155/SRR18920155
SRR18920156	SRX14997997	Folonzo18	SAMN27766051	Folonzo18	WGS	GENOMIC	PAIRED	HiSeq X Ten	12053641212	40839304	3826739939	9e3e523dc0ebbd5cd7b40d1b26181ba4	https://sra-pub-run-odp.s3.amazonaws.com/sra/SRR18920156/SRR18920156
SRR18920157	SRX14997996	Kiribina85	SAMN27766203	Kiribina85	WGS	GENOMIC	PAIRED	HiSeq X Ten	13899487695	46789204	5848983369	2123c60fe72e2b003013463c849f88a1	https://sra-pub-run-odp.s3.amazonaws.com/sra/SRR18920157/SRR18920157
SRR18920158	SRX14997995	Kiribina84	SAMN27766202	Kiribina84	WGS	GENOMIC	PAIRED	HiSeq X Ten	13994641048	47127445	6089565873	72e2e4a0ee433e647bae4c9da8af98da	https://sra-pub-run-odp.s3.amazonaws.com/sra/SRR18920158/SRR18920158
SRR18920159	SRX14997994	Kiribina83	SAMN27766201	Kiribina83	WGS	GENOMIC	PAIRED	HiSeq X Ten	14358057522	48454505	6019600710	5d81424eeb586b81ac3f66d7374cf4bd	https://sra-pub-run-odp.s3.amazonaws.com/sra/SRR18920159/SRR18920159
SRR18920160	SRX14997993	Kiribina82	SAMN27766200	Kiribina82	WGS	GENOMIC	PAIRED	HiSeq X Ten	11925231521	40122453	4718466329	878791b4100c48e016adac751def8589	https://sra-pub-run-odp.s3.amazonaws.com/sra/SRR18920160/SRR18920160
SRR18920161	SRX14997992	Kiribina81	SAMN27766199	Kiribina81	WGS	GENOMIC	PAIRED	HiSeq X Ten	10790692115	36559573	3418903386	02aadf1d087ffb64b1572fea7bf0a98f	https://sra-pub-run-odp.s3.amazonaws.com/sra/SRR18920161/SRR18920161
SRR18920162	SRX14997991	Kiribina80	SAMN27766198	Kiribina80	WGS	GENOMIC	PAIRED	HiSeq X Ten	8539513930	29299615	2772783895	956f43b9d8db5fb64591866bad11504a	https://sra-pub-run-odp.s3.amazonaws.com/sra/SRR18920162/SRR18920162
SRR18920163	SRX14997990	Kiribina79	SAMN27766197	Kiribina79	WGS	GENOMIC	PAIRED	HiSeq X Ten	11916695200	40356395	3882422840	f555c1d1474ab74efc242055035457c6	https://sra-pub-run-odp.s3.amazonaws.com/sra/SRR18920163/SRR18920163
SRR18920164	SRX14997989	Kiribina78	SAMN27766196	Kiribina78	WGS	GENOMIC	PAIRED	HiSeq X Ten	11651357154	39265213	3695524670	b2be9e495d86178dd36f1cd61705b044	https://sra-pub-run-odp.s3.amazonaws.com/sra/SRR18920164/SRR18920164
SRR18920165	SRX14997988	Kiribina77	SAMN27766195	Kiribina77	WGS	GENOMIC	PAIRED	HiSeq X Ten	11214289486	37851780	3865538900	155b1b20f54b541f9820f94c5496ca0d	https://sra-pub-run-odp.s3.amazonaws.com/sra/SRR18920165/SRR18920165
SRR18920166	SRX14997987	Kiribina76	SAMN27766194	Kiribina76	WGS	GENOMIC	PAIRED	HiSeq X Ten	14172208556	47706349	4516081786	69288b9c76a01ca96668958eebaa3f78	https://sra-pub-run-odp.s3.amazonaws.com/sra/SRR18920166/SRR18920166
SRR18920167	SRX14997986	Folonzo17	SAMN27766050	Folonzo17	WGS	GENOMIC	PAIRED	HiSeq X Ten	11858692557	40181418	3660372551	1f61c279e72c0a7168659b60f9869fba	https://sra-pub-run-odp.s3.amazonaws.com/sra/SRR18920167/SRR18920167
SRR18920168	SRX14997985	Kiribina75	SAMN27766193	Kiribina75	WGS	GENOMIC	PAIRED	HiSeq X Ten	11814797066	39931884	3911942895	d6c1723bb697dba1884acecfca964060	https://sra-pub-run-odp.s3.amazonaws.com/sra/SRR18920168/SRR18920168
SRR18920169	SRX14997984	Kiribina74	SAMN27766192	Kiribina74	WGS	GENOMIC	PAIRED	HiSeq X Ten	12972550451	43716419	4294990420	9c29678b7d3dda0ee00de76118f91630	https://sra-pub-run-odp.s3.amazonaws.com/sra/SRR18920169/SRR18920169
SRR18920170	SRX14997983	Kiribina73	SAMN27766191	Kiribina73	WGS	GENOMIC	PAIRED	HiSeq X Ten	13571803549	45715580	4414270667	8903b871655ccdd4a267a20e543db97c	https://sra-pub-run-odp.s3.amazonaws.com/sra/SRR18920170/SRR18920170
SRR18920171	SRX14997982	Kiribina72	SAMN27766190	Kiribina72	WGS	GENOMIC	PAIRED	HiSeq X Ten	12207258988	41057672	4035646406	acdba57ce2832210d07e31b5b4a9bd21	https://sra-pub-run-odp.s3.amazonaws.com/sra/SRR18920171/SRR18920171
SRR18920172	SRX14997981	Kiribina71	SAMN27766189	Kiribina71	WGS	GENOMIC	PAIRED	HiSeq X Ten	14574296275	49065655	4830893098	894b9f0b51f348bafc678bd9539774fa	https://sra-pub-run-odp.s3.amazonaws.com/sra/SRR18920172/SRR18920172
SRR18920173	SRX14997980	Kiribina70	SAMN27766188	Kiribina70	WGS	GENOMIC	PAIRED	HiSeq X Ten	12959262340	43589913	4152598367	e24f2901fee168d3106a5caa565e6fbd	https://sra-pub-run-odp.s3.amazonaws.com/sra/SRR18920173/SRR18920173
SRR18920174	SRX14997979	Kiribina69	SAMN27766187	Kiribina69	WGS	GENOMIC	PAIRED	HiSeq X Ten	11270575606	37912483	3549237783	baa7c975679570f07db892c1cce5737b	https://sra-pub-run-odp.s3.amazonaws.com/sra/SRR18920174/SRR18920174
SRR18920175	SRX14997978	Kiribina68	SAMN27766186	Kiribina68	WGS	GENOMIC	PAIRED	HiSeq X Ten	12714652512	42824405	4206147019	7c3a7984e9433747755fb5a4b3baea69	https://sra-pub-run-odp.s3.amazonaws.com/sra/SRR18920175/SRR18920175
SRR18920176	SRX14997977	Kiribina67	SAMN27766185	Kiribina67	WGS	GENOMIC	PAIRED	HiSeq X Ten	11471989549	38696585	3929767541	9b51d5532e250fa3fdb064d2bc672f5b	https://sra-pub-run-odp.s3.amazonaws.com/sra/SRR18920176/SRR18920176
SRR18920177	SRX14997976	Kiribina66	SAMN27766184	Kiribina66	WGS	GENOMIC	PAIRED	HiSeq X Ten	11463384868	38596981	3583506114	d885667f5b380a7d8ff8c4e8e5c51a00	https://sra-pub-run-odp.s3.amazonaws.com/sra/SRR18920177/SRR18920177
SRR18920178	SRX14997975	Folonzo16	SAMN27766049	Folonzo16	WGS	GENOMIC	PAIRED	HiSeq X Ten	10976908798	36979499	3494284212	66e9f8bdca0a9bc57cdd27078883e149	https://sra-pub-run-odp.s3.amazonaws.com/sra/SRR18920178/SRR18920178
SRR18920179	SRX14997974	Kiribina65	SAMN27766183	Kiribina65	WGS	GENOMIC	PAIRED	HiSeq X Ten	18217482505	61453182	5798375053	b3aacaccc4a8a203143d89d1d2cc78a5	https://sra-pub-run-odp.s3.amazonaws.com/sra/SRR18920179/SRR18920179
SRR18920180	SRX14997973	Kiribina64	SAMN27766182	Kiribina64	WGS	GENOMIC	PAIRED	HiSeq X Ten	12493581458	42079844	4062976199	948a0c3129e3e3cda8a6f177ea789953	https://sra-pub-run-odp.s3.amazonaws.com/sra/SRR18920180/SRR18920180
SRR18920181	SRX14997972	Kiribina63	SAMN27766181	Kiribina63	WGS	GENOMIC	PAIRED	HiSeq X Ten	13415986599	45160011	4562973262	b602def65dc57801d4de5acf45127649	https://sra-pub-run-odp.s3.amazonaws.com/sra/SRR18920181/SRR18920181
SRR18920182	SRX14997971	Kiribina62	SAMN27766180	Kiribina62	WGS	GENOMIC	PAIRED	HiSeq X Ten	12966945667	43674204	4332574178	2afb92bc2edf6296b8db6c96401b1d95	https://sra-pub-run-odp.s3.amazonaws.com/sra/SRR18920182/SRR18920182
SRR18920183	SRX14997970	Kiribina61	SAMN27766179	Kiribina61	WGS	GENOMIC	PAIRED	HiSeq X Ten	13057929729	43943578	4428857552	21195a2a563c5bf25f7ff4a1ff0883c8	https://sra-pub-run-odp.s3.amazonaws.com/sra/SRR18920183/SRR18920183
SRR18920184	SRX14997969	Kiribina60	SAMN27766178	Kiribina60	WGS	GENOMIC	PAIRED	HiSeq X Ten	9814270268	33049072	3203479181	b66f8681822420fbaf17185d94c6c95e	https://sra-pub-run-odp.s3.amazonaws.com/sra/SRR18920184/SRR18920184
SRR18920185	SRX14997968	Kiribina59	SAMN27766177	Kiribina59	WGS	GENOMIC	PAIRED	HiSeq X Ten	13776777712	46433339	4520812526	ec11ff9ac496446e493fe9158e1e3c76	https://sra-pub-run-odp.s3.amazonaws.com/sra/SRR18920185/SRR18920185
SRR18920186	SRX14997967	Kiribina58	SAMN27766176	Kiribina58	WGS	GENOMIC	PAIRED	HiSeq X Ten	13975389778	46960185	4430072701	0416b6c9e8528b4d956ccac8984ab698	https://sra-pub-run-odp.s3.amazonaws.com/sra/SRR18920186/SRR18920186
SRR18920187	SRX14997966	Kiribina57	SAMN27766175	Kiribina57	WGS	GENOMIC	PAIRED	HiSeq X Ten	13521337384	45784295	4261880631	f01c26bc7d1dc68f8a90ec6ce5d09d18	https://sra-pub-run-odp.s3.amazonaws.com/sra/SRR18920187/SRR18920187
SRR18920188	SRX14997965	Kiribina56	SAMN27766174	Kiribina56	WGS	GENOMIC	PAIRED	HiSeq X Ten	13539645881	45531816	4537034767	be5ea99bffaabf8020fc1a2eb9401122	https://sra-pub-run-odp.s3.amazonaws.com/sra/SRR18920188/SRR18920188
SRR18920189	SRX14997964	Folonzo15	SAMN27766048	Folonzo15	WGS	GENOMIC	PAIRED	HiSeq X Ten	36415708270	123017547	12138104598	995f6af0f690e6045b9cabe8bfa8c1ba	https://sra-pub-run-odp.s3.amazonaws.com/sra/SRR18920189/SRR18920189
SRR18920190	SRX14997963	Kiribina55	SAMN27766173	Kiribina55	WGS	GENOMIC	PAIRED	HiSeq X Ten	13760908277	46231362	4299127329	30951b3fcb1cc824a31b8ac7c3bd0a22	https://sra-pub-run-odp.s3.amazonaws.com/sra/SRR18920190/SRR18920190
SRR18920191	SRX14997962	Kiribina54	SAMN27766172	Kiribina54	WGS	GENOMIC	PAIRED	HiSeq X Ten	12417648824	41897352	3947256530	d10840fc3933dfa1c70df2f3ac6fd0c7	https://sra-pub-run-odp.s3.amazonaws.com/sra/SRR18920191/SRR18920191
SRR18920192	SRX14997961	Kiribina53	SAMN27766171	Kiribina53	WGS	GENOMIC	PAIRED	HiSeq X Ten	13628618319	46005677	4732519915	fe5a35c7cb6d7e3a315115a216181292	https://sra-pub-run-odp.s3.amazonaws.com/sra/SRR18920192/SRR18920192
SRR18920193	SRX14997960	Kiribina52	SAMN27766170	Kiribina52	WGS	GENOMIC	PAIRED	HiSeq X Ten	11674272052	39472619	4106138413	8979c9dda757f892f39bb5ed9d15343d	https://sra-pub-run-odp.s3.amazonaws.com/sra/SRR18920193/SRR18920193
SRR18920194	SRX14997959	Kiribina51	SAMN27766169	Kiribina51	WGS	GENOMIC	PAIRED	HiSeq X Ten	11960794705	40297471	3901402212	209dbe3af74f87a21d37337a74324c4f	https://sra-pub-run-odp.s3.amazonaws.com/sra/SRR18920194/SRR18920194
SRR18920195	SRX14997958	Kiribina50	SAMN27766168	Kiribina50	WGS	GENOMIC	PAIRED	HiSeq X Ten	14970731823	50305411	4817101223	dc079b14bfaa9d67b3724af227c2f3dd	https://sra-pub-run-odp.s3.amazonaws.com/sra/SRR18920195/SRR18920195
SRR18920196	SRX14997957	Kiribina49	SAMN27766167	Kiribina49	WGS	GENOMIC	PAIRED	HiSeq X Ten	11957678010	40115977	4629894455	c81b2ba9be2933f6cdbe6e82c9a0991c	https://sra-pub-run-odp.s3.amazonaws.com/sra/SRR18920196/SRR18920196
SRR18920197	SRX14997956	Kiribina48	SAMN27766166	Kiribina48	WGS	GENOMIC	PAIRED	HiSeq X Ten	10857410915	36545730	3740752901	243241327ad29ed14f304f74692fb2eb	https://sra-pub-run-odp.s3.amazonaws.com/sra/SRR18920197/SRR18920197
SRR18920198	SRX14997955	Kiribina47	SAMN27766165	Kiribina47	WGS	GENOMIC	PAIRED	HiSeq X Ten	11131214243	37462492	4835024197	8e3d5c917a04dde3f8fb072299899dc7	https://sra-pub-run-odp.s3.amazonaws.com/sra/SRR18920198/SRR18920198
SRR18920199	SRX14997954	Kiribina46	SAMN27766164	Kiribina46	WGS	GENOMIC	PAIRED	HiSeq X Ten	12499262545	42313053	5120334433	42dfe859d5d02afe2879d4fbbb9f513f	https://sra-pub-run-odp.s3.amazonaws.com/sra/SRR18920199/SRR18920199
SRR18920200	SRX14997953	Folonzo14	SAMN27766047	Folonzo14	WGS	GENOMIC	PAIRED	HiSeq X Ten	13660826358	46200383	4610102020	eb304131a0d1390264464aaa873182c4	https://sra-pub-run-odp.s3.amazonaws.com/sra/SRR18920200/SRR18920200
SRR18920201	SRX14997952	Kiribina45	SAMN27766163	Kiribina45	WGS	GENOMIC	PAIRED	HiSeq X Ten	10836888701	36447431	4771421755	e44b0c462c57cdf4e11529bd38a12aa0	https://sra-pub-run-odp.s3.amazonaws.com/sra/SRR18920201/SRR18920201
SRR18920202	SRX14997951	Kiribina44	SAMN27766162	Kiribina44	WGS	GENOMIC	PAIRED	HiSeq X Ten	11569812199	38980527	4909897762	677d7fd0250fe7a4e0ca7ec5c06b9c60	https://sra-pub-run-odp.s3.amazonaws.com/sra/SRR18920202/SRR18920202
SRR18920203	SRX14997950	Kiribina43	SAMN27766161	Kiribina43	WGS	GENOMIC	PAIRED	HiSeq X Ten	10112262969	34081191	4378791758	e188a2f591c055e7f37756fd25bb1434	https://sra-pub-run-odp.s3.amazonaws.com/sra/SRR18920203/SRR18920203
SRR18920204	SRX14997949	Kiribina15	SAMN27766133	Kiribina15	WGS	GENOMIC	PAIRED	HiSeq X Ten	12355373707	41899587	3926928512	b1ecc701aab7bf1f80c8011eecf39fea	https://sra-pub-run-odp.s3.amazonaws.com/sra/SRR18920204/SRR18920204
SRR18920205	SRX14997948	Kiribina14	SAMN27766132	Kiribina14	WGS	GENOMIC	PAIRED	HiSeq X Ten	12381012234	41955391	3943922645	7c3dd94999d7c605269d3246ea655238	https://sra-pub-run-odp.s3.amazonaws.com/sra/SRR18920205/SRR18920205
SRR18920206	SRX14997947	Kiribina13	SAMN27766131	Kiribina13	WGS	GENOMIC	PAIRED	HiSeq X Ten	12914786345	43462899	4540249567	31e0117b02472d5fd5c58b2a677aaa64	https://sra-pub-run-odp.s3.amazonaws.com/sra/SRR18920206/SRR18920206
SRR18920207	SRX14997946	Kiribina12	SAMN27766130	Kiribina12	WGS	GENOMIC	PAIRED	HiSeq X Ten	12916740387	43487522	4046867534	538256f0d10eab2c039baf75ffbb9ef9	https://sra-pub-run-odp.s3.amazonaws.com/sra/SRR18920207/SRR18920207
SRR18920208	SRX14997945	Kiribina11	SAMN27766129	Kiribina11	WGS	GENOMIC	PAIRED	HiSeq X Ten	12152973067	41018866	4049631349	eb44ab8d758b8c0b0321dcb0fc1651f4	https://sra-pub-run-odp.s3.amazonaws.com/sra/SRR18920208/SRR18920208
SRR18920209	SRX14997944	Kiribina10	SAMN27766128	Kiribina10	WGS	GENOMIC	PAIRED	HiSeq X Ten	11302759429	38128260	3757531515	1dea23a1266f3e76395ad99b93bdc680	https://sra-pub-run-odp.s3.amazonaws.com/sra/SRR18920209/SRR18920209
SRR18920210	SRX14997943	Kiribina9	SAMN27766127	Kiribina9	WGS	GENOMIC	PAIRED	HiSeq X Ten	14244153740	47860338	4639120450	39bf214de9c6626024f51657d541e2ec	https://sra-pub-run-odp.s3.amazonaws.com/sra/SRR18920210/SRR18920210
SRR18920211	SRX14997942	Kiribina8	SAMN27766126	Kiribina8	WGS	GENOMIC	PAIRED	HiSeq X Ten	13774127855	46399239	4479950644	c4fbce3c69595d2b6ee597c75b98a274	https://sra-pub-run-odp.s3.amazonaws.com/sra/SRR18920211/SRR18920211
SRR18920212	SRX14997941	Kiribina7	SAMN27766125	Kiribina7	WGS	GENOMIC	PAIRED	HiSeq X Ten	11895058478	40213623	3803734285	3522b782e4572fe227f915dda9da3688	https://sra-pub-run-odp.s3.amazonaws.com/sra/SRR18920212/SRR18920212
SRR18920213	SRX14997940	Kiribina6	SAMN27766124	Kiribina6	WGS	GENOMIC	PAIRED	HiSeq X Ten	11433417275	38624654	3915844072	1754c374422b498e40a10b3447efba80	https://sra-pub-run-odp.s3.amazonaws.com/sra/SRR18920213/SRR18920213
SRR18920214	SRX14997939	Folonzo10	SAMN27766043	Folonzo10	WGS	GENOMIC	PAIRED	HiSeq X Ten	12152930683	41130385	3877426050	89b4fa95c3924f118f011b5a95024f7d	https://sra-pub-run-odp.s3.amazonaws.com/sra/SRR18920214/SRR18920214
SRR18920215	SRX14997938	Kiribina5	SAMN27766123	Kiribina5	WGS	GENOMIC	PAIRED	HiSeq X Ten	11604913442	39094244	3870719667	3a33ed4d9069c629dacf981560278846	https://sra-pub-run-odp.s3.amazonaws.com/sra/SRR18920215/SRR18920215
SRR18920216	SRX14997937	Kiribina4	SAMN27766122	Kiribina4	WGS	GENOMIC	PAIRED	HiSeq X Ten	12802686380	43072632	4323319801	2ca2a6974c0f13c866b45f4ade4e25f9	https://sra-pub-run-odp.s3.amazonaws.com/sra/SRR18920216/SRR18920216
SRR18920217	SRX14997936	Kiribina3	SAMN27766121	Kiribina3	WGS	GENOMIC	PAIRED	HiSeq X Ten	10718253109	36005242	4081257076	72c813d74632f67275620cee260f1422	https://sra-pub-run-odp.s3.amazonaws.com/sra/SRR18920217/SRR18920217
SRR18920218	SRX14997935	Kiribina2	SAMN27766120	Kiribina2	WGS	GENOMIC	PAIRED	HiSeq X Ten	10415268001	35223463	3398255890	48517da2161ab819776658c8469ea517	https://sra-pub-run-odp.s3.amazonaws.com/sra/SRR18920218/SRR18920218
SRR18920219	SRX14997934	Kiribina1	SAMN27766119	Kiribina1	WGS	GENOMIC	PAIRED	HiSeq X Ten	9241871516	32110681	3192441229	56f6b1d8bf91ecf73aeb5cdd8ee50430	https://sra-pub-run-odp.s3.amazonaws.com/sra/SRR18920219/SRR18920219
SRR18920220	SRX14997933	Folonzo85	SAMN27766118	Folonzo85	WGS	GENOMIC	PAIRED	HiSeq X Ten	14111470102	47497980	6107460845	a8a47c17190c31ed8872b87988be37cd	https://sra-pub-run-odp.s3.amazonaws.com/sra/SRR18920220/SRR18920220
SRR18920221	SRX14997932	Folonzo84	SAMN27766117	Folonzo84	WGS	GENOMIC	PAIRED	HiSeq X Ten	21536071409	74057610	6664071187	7ae63df1dc1ae1c70f60c64791b5c391	https://sra-pub-run-odp.s3.amazonaws.com/sra/SRR18920221/SRR18920221
SRR18920222	SRX14997931	Folonzo83	SAMN27766116	Folonzo83	WGS	GENOMIC	PAIRED	HiSeq X Ten	13755830403	46702844	4263826102	7c5c1a7f5fe38082021ef2d85e9fdc54	https://sra-pub-run-odp.s3.amazonaws.com/sra/SRR18920222/SRR18920222
SRR18920223	SRX14997930	Folonzo82	SAMN27766115	Folonzo82	WGS	GENOMIC	PAIRED	HiSeq X Ten	12209579649	41356972	4910616181	e9d5fc079fe139dd51174e707b5bac7b	https://sra-pub-run-odp.s3.amazonaws.com/sra/SRR18920223/SRR18920223
SRR18920224	SRX14997929	Folonzo81	SAMN27766114	Folonzo81	WGS	GENOMIC	PAIRED	HiSeq X Ten	7923888515	26943073	3299174568	b08132582eafb18c74da2552ec3a9672	https://sra-pub-run-odp.s3.amazonaws.com/sra/SRR18920224/SRR18920224
SRR18920225	SRX14997928	Folonzo9	SAMN27766042	Folonzo9	WGS	GENOMIC	PAIRED	HiSeq X Ten	15633029730	52548542	5152235013	2f17943aa7db8e3770e78789d709bd2c	https://sra-pub-run-odp.s3.amazonaws.com/sra/SRR18920225/SRR18920225
SRR18920226	SRX14997927	Folonzo80	SAMN27766113	Folonzo80	WGS	GENOMIC	PAIRED	HiSeq X Ten	10977693381	37189910	4923326546	0f626ea0b7aadc2467bc5d860c29791e	https://sra-pub-run-odp.s3.amazonaws.com/sra/SRR18920226/SRR18920226
SRR18920227	SRX14997926	Folonzo79	SAMN27766112	Folonzo79	WGS	GENOMIC	PAIRED	HiSeq X Ten	11133020728	37456677	5106839200	81d8a8133b030717e77a4b966a8a95d4	https://sra-pub-run-odp.s3.amazonaws.com/sra/SRR18920227/SRR18920227
SRR18920228	SRX14997925	Folonzo78	SAMN27766111	Folonzo78	WGS	GENOMIC	PAIRED	HiSeq X Ten	10947377854	36785815	4837653074	ff02ce2738575118904602a261803b4f	https://sra-pub-run-odp.s3.amazonaws.com/sra/SRR18920228/SRR18920228
SRR18920229	SRX14997924	Folonzo77	SAMN27766110	Folonzo77	WGS	GENOMIC	PAIRED	HiSeq X Ten	10943828041	36929682	4845598477	5998abd740468ee6fa684cba7d8c9440	https://sra-pub-run-odp.s3.amazonaws.com/sra/SRR18920229/SRR18920229
SRR18920230	SRX14997923	Folonzo76	SAMN27766109	Folonzo76	WGS	GENOMIC	PAIRED	HiSeq X Ten	11502040495	38930584	5361137925	3ce3332cad5c6301a681df06d65f0662	https://sra-pub-run-odp.s3.amazonaws.com/sra/SRR18920230/SRR18920230
SRR18920231	SRX14997922	Kiribina42	SAMN27766160	Kiribina42	WGS	GENOMIC	PAIRED	HiSeq X Ten	12664955067	42710765	5492586677	0cbb1a178f9b2f8aad9f85acfca475b4	https://sra-pub-run-odp.s3.amazonaws.com/sra/SRR18920231/SRR18920231
SRR18920232	SRX14997921	Kiribina41	SAMN27766159	Kiribina41	WGS	GENOMIC	PAIRED	HiSeq X Ten	11560076251	39184412	4933088767	6bc2933cb25a920d0ddf03a9f14305e3	https://sra-pub-run-odp.s3.amazonaws.com/sra/SRR18920232/SRR18920232
SRR18920233	SRX14997920	Kiribina40	SAMN27766158	Kiribina40	WGS	GENOMIC	PAIRED	HiSeq X Ten	9848424317	33757444	3967305698	de4a17ff4974af000448400c0504dbce	https://sra-pub-run-odp.s3.amazonaws.com/sra/SRR18920233/SRR18920233
SRR18920234	SRX14997919	Kiribina39	SAMN27766157	Kiribina39	WGS	GENOMIC	PAIRED	HiSeq X Ten	10201288564	34332194	4196526202	49253b71f1541ebf1fa717103954c209	https://sra-pub-run-odp.s3.amazonaws.com/sra/SRR18920234/SRR18920234
SRR18920235	SRX14997918	Kiribina38	SAMN27766156	Kiribina38	WGS	GENOMIC	PAIRED	HiSeq X Ten	9944184727	33539273	4167508800	50311f46f0f32d5ef225b43ba7ced2bf	https://sra-pub-run-odp.s3.amazonaws.com/sra/SRR18920235/SRR18920235
SRR18920236	SRX14997917	Kiribina37	SAMN27766155	Kiribina37	WGS	GENOMIC	PAIRED	HiSeq X Ten	11738822445	39540595	4659178816	c27917fc2d087bdf8cb148c3f077ad6d	https://sra-pub-run-odp.s3.amazonaws.com/sra/SRR18920236/SRR18920236
SRR18920237	SRX14997916	Kiribina36	SAMN27766154	Kiribina36	WGS	GENOMIC	PAIRED	HiSeq X Ten	11884732445	40122447	4309436039	9ffc13836f4225d789e639a0e269d31d	https://sra-pub-run-odp.s3.amazonaws.com/sra/SRR18920237/SRR18920237
SRR18920238	SRX14997915	Folonzo13	SAMN27766046	Folonzo13	WGS	GENOMIC	PAIRED	HiSeq X Ten	14016311728	47764508	4466048885	1d43c9660c8e9769e8485514316dfdb2	https://sra-pub-run-odp.s3.amazonaws.com/sra/SRR18920238/SRR18920238
SRR18920239	SRX14997914	Kiribina35	SAMN27766153	Kiribina35	WGS	GENOMIC	PAIRED	HiSeq X Ten	12385861831	41719517	5076187809	1edf536e0fc8b7d1413d2c068e2f7fb9	https://sra-pub-run-odp.s3.amazonaws.com/sra/SRR18920239/SRR18920239
SRR18920240	SRX14997913	Kiribina34	SAMN27766152	Kiribina34	WGS	GENOMIC	PAIRED	HiSeq X Ten	12143976382	41183292	5015963969	14e63b90ee16785801cbdb4eb53f66b2	https://sra-pub-run-odp.s3.amazonaws.com/sra/SRR18920240/SRR18920240
SRR18920241	SRX14997912	Kiribina33	SAMN27766151	Kiribina33	WGS	GENOMIC	PAIRED	HiSeq X Ten	10345156473	35240632	4384235971	c52c7622c5f63acb8b23ee61d6f2a7a8	https://sra-pub-run-odp.s3.amazonaws.com/sra/SRR18920241/SRR18920241
SRR18920242	SRX14997911	Kiribina32	SAMN27766150	Kiribina32	WGS	GENOMIC	PAIRED	HiSeq X Ten	10149086456	34237492	4316080732	931278255b496b53b1e4d85ab7ce6952	https://sra-pub-run-odp.s3.amazonaws.com/sra/SRR18920242/SRR18920242
SRR18920243	SRX14997910	Kiribina31	SAMN27766149	Kiribina31	WGS	GENOMIC	PAIRED	HiSeq X Ten	10498721711	35397069	4379162846	d44dcb8326729251d7006e6c9d1c328d	https://sra-pub-run-odp.s3.amazonaws.com/sra/SRR18920243/SRR18920243
SRR18920244	SRX14997909	Kiribina30	SAMN27766148	Kiribina30	WGS	GENOMIC	PAIRED	HiSeq X Ten	12273899249	41393108	5079718519	db1480f34477062dfda530d60d00ce23	https://sra-pub-run-odp.s3.amazonaws.com/sra/SRR18920244/SRR18920244
SRR18920245	SRX14997908	Kiribina29	SAMN27766147	Kiribina29	WGS	GENOMIC	PAIRED	HiSeq X Ten	10882678295	36658872	4730412320	3b153dfb903cc1acea1ea0ccf9681562	https://sra-pub-run-odp.s3.amazonaws.com/sra/SRR18920245/SRR18920245
SRR18920246	SRX14997907	Kiribina28	SAMN27766146	Kiribina28	WGS	GENOMIC	PAIRED	HiSeq X Ten	12408568044	41633682	4631512957	2b124c05fd4254e378dce39190e61241	https://sra-pub-run-odp.s3.amazonaws.com/sra/SRR18920246/SRR18920246
SRR18920247	SRX14997906	Kiribina27	SAMN27766145	Kiribina27	WGS	GENOMIC	PAIRED	HiSeq X Ten	12677041134	42808950	5124290974	436ddf5988b8b5a38a34f5eb98d46414	https://sra-pub-run-odp.s3.amazonaws.com/sra/SRR18920247/SRR18920247
SRR18920248	SRX14997905	Kiribina26	SAMN27766144	Kiribina26	WGS	GENOMIC	PAIRED	HiSeq X Ten	10771859583	36355104	4443832201	ee002cb02e93fe027d99045659c31269	https://sra-pub-run-odp.s3.amazonaws.com/sra/SRR18920248/SRR18920248
SRR18920249	SRX14997904	Folonzo12	SAMN27766045	Folonzo12	WGS	GENOMIC	PAIRED	HiSeq X Ten	13628409255	46131274	4231271239	673b60025de62bc3e88ffbbca960d85f	https://sra-pub-run-odp.s3.amazonaws.com/sra/SRR18920249/SRR18920249
SRR18920250	SRX14997903	Kiribina25	SAMN27766143	Kiribina25	WGS	GENOMIC	PAIRED	HiSeq X Ten	13893809894	46559383	5700552646	bada6f31e07e81599d5939d87ced5c9d	https://sra-pub-run-odp.s3.amazonaws.com/sra/SRR18920250/SRR18920250
SRR18920251	SRX14997902	Kiribina24	SAMN27766142	Kiribina24	WGS	GENOMIC	PAIRED	HiSeq X Ten	13258347290	44404984	4899638283	bfb9560a5641e3037aad604518ae5c5a	https://sra-pub-run-odp.s3.amazonaws.com/sra/SRR18920251/SRR18920251
SRR18920252	SRX14997901	Kiribina23	SAMN27766141	Kiribina23	WGS	GENOMIC	PAIRED	HiSeq X Ten	13876355396	46628870	5842147825	efc51a3094f77a3da59b30c3c3a089e7	https://sra-pub-run-odp.s3.amazonaws.com/sra/SRR18920252/SRR18920252
SRR18920253	SRX14997900	Kiribina22	SAMN27766140	Kiribina22	WGS	GENOMIC	PAIRED	HiSeq X Ten	41091320979	138799501	15187356162	4975026900d7932a71aaa76ae1ce544d	https://sra-pub-run-odp.s3.amazonaws.com/sra/SRR18920253/SRR18920253
SRR18920254	SRX14997899	Kiribina21	SAMN27766139	Kiribina21	WGS	GENOMIC	PAIRED	HiSeq X Ten	20762860967	70713725	7538652177	ec51155c38bf8d05e0ffe2bb8454afae	https://sra-pub-run-odp.s3.amazonaws.com/sra/SRR18920254/SRR18920254
SRR18920255	SRX14997898	Kiribina20	SAMN27766138	Kiribina20	WGS	GENOMIC	PAIRED	HiSeq X Ten	21831746280	74277771	7247418813	3c415c97e1f454d3daddfa59152814a5	https://sra-pub-run-odp.s3.amazonaws.com/sra/SRR18920255/SRR18920255
SRR18920256	SRX14997897	Kiribina19	SAMN27766137	Kiribina19	WGS	GENOMIC	PAIRED	HiSeq X Ten	12759633927	43194781	5178139998	a5b3eb6c6c72400e66902642c7e27189	https://sra-pub-run-odp.s3.amazonaws.com/sra/SRR18920256/SRR18920256
SRR18920257	SRX14997896	Kiribina18	SAMN27766136	Kiribina18	WGS	GENOMIC	PAIRED	HiSeq X Ten	12670257597	43165566	5306972994	29450fac8f8a07b3ebc8994254b29acb	https://sra-pub-run-odp.s3.amazonaws.com/sra/SRR18920257/SRR18920257
SRR18920258	SRX14997895	Kiribina17	SAMN27766135	Kiribina17	WGS	GENOMIC	PAIRED	HiSeq X Ten	11847838863	40122230	4954933019	e37c5727408d789437ff18ea70f5f872	https://sra-pub-run-odp.s3.amazonaws.com/sra/SRR18920258/SRR18920258
SRR18920259	SRX14997894	Kiribina16	SAMN27766134	Kiribina16	WGS	GENOMIC	PAIRED	HiSeq X Ten	11760217086	39680536	5152541128	2276d74abb259b92f64f714164835a82	https://sra-pub-run-odp.s3.amazonaws.com/sra/SRR18920259/SRR18920259
SRR18920260	SRX14997893	Folonzo11	SAMN27766044	Folonzo11	WGS	GENOMIC	PAIRED	HiSeq X Ten	12302825071	41672025	3837831033	8ac22cd0d9641599dd7b910374d1cbac	https://sra-pub-run-odp.s3.amazonaws.com/sra/SRR18920260/SRR18920260
SRR18920261	SRX14997892	Folonzo2	SAMN27766035	Folonzo2	WGS	GENOMIC	PAIRED	HiSeq X Ten	11448934829	39024631	4217103859	9e319d97f89c5da9fb2225fce193287a	https://sra-pub-run-odp.s3.amazonaws.com/sra/SRR18920261/SRR18920261
SRR18920262	SRX14997891	Folonzo1	SAMN27766034	Folonzo1	WGS	GENOMIC	PAIRED	HiSeq X Ten	10681599052	36778251	4093005641	3a5581869f3aa80e22b85fdf3a5280fb	https://sra-pub-run-odp.s3.amazonaws.com/sra/SRR18920262/SRR18920262
